{
  "ModelDetails": {
    "a69cfe80-139d-4937-9c79-5aa9515b727e": {
      "area": 163.83714294433594,
      "floors": 3,
      "details": "building details",
      "height": 10
    },
    "256bb51a-14b4-49b8-bd69-e348de67cc95": {
      "area": 141.17015075683594,
      "floors": 3,
      "details": "building details",
      "height": 10
    },
    "07437aeb-4629-4afa-bb69-5da2a0dcfe13": {
      "area": 163.83843994140625,
      "floors": 3,
      "details": "building details",
      "height": 10
    },
    "b2b4e43f-5dbb-41f6-b77f-d9598394051f": {
      "area": 142.54376220703125,
      "floors": 3,
      "details": "building details",
      "height": 10
    },
    "c45043ca-7a7c-4c12-bc0e-6969980797e4": {
      "area": 163.85256958007812,
      "floors": 3,
      "details": "building details",
      "height": 10
    },
    "41685546-7e68-4544-90a8-0c9d984fddd7": {
      "area": 141.1700439453125,
      "floors": 3,
      "details": "building details",
      "height": 10
    },
    "500e85a7-fb31-4287-97bd-db478e780479": {
      "area": 165.44383239746094,
      "floors": 3,
      "details": "building details",
      "height": 10
    },
    "f5682df1-e66b-4da0-842d-5e21d48daf38": {
      "area": 163.83718872070312,
      "floors": 3,
      "details": "building details",
      "height": 10
    },
    "33d4581b-40be-4c8c-9fd4-a4694e580bd5": {
      "area": 163.8378448486328,
      "floors": 3,
      "details": "building details",
      "height": 10
    },
    "2bc53b73-c0f9-4f8c-a9b7-b5d93e140ebc": {
      "area": 141.78565979003906,
      "floors": 3,
      "details": "building details",
      "height": 10
    },
    "d9ecf3be-85f7-496a-8043-251074578c11": {
      "area": 141.17001342773438,
      "floors": 3,
      "details": "building details",
      "height": 10
    },
    "570c6c53-e817-48af-81f5-ab470cae90a1": {
      "area": 141.25796508789062,
      "floors": 3,
      "details": "building details",
      "height": 10
    },
    "fc98a9cc-214c-4f28-a720-8b1b4ba8eaed": {
      "area": 152.92916870117188,
      "floors": 3,
      "details": "building details",
      "height": 10
    },
    "62cebd53-f9a9-4d7c-9dba-8098b4daa27c": {
      "area": 152.9180908203125,
      "floors": 3,
      "details": "building details",
      "height": 10
    },
    "1ab044c4-e1fd-4e2f-890f-160b0e764c41": {
      "area": 163.8367919921875,
      "floors": 3,
      "details": "building details",
      "height": 10
    },
    "8efbd093-3f8e-4a87-94cb-3a537762a6db": {
      "area": 142.54360961914062,
      "floors": 3,
      "details": "building details",
      "height": 10
    },
    "98629bce-934b-41ed-9c33-b37d08880f7f": {
      "area": 138.83721923828125,
      "floors": 3,
      "details": "building details",
      "height": 13
    },
    "68db9729-32cf-4928-a491-8ac3fe32e2dc": {
      "area": 146.14224243164062,
      "floors": 3,
      "details": "building details",
      "height": 13
    },
    "dbd5d10f-edb2-4679-8d78-571263308a0d": {
      "area": 142.54367065429688,
      "floors": 3,
      "details": "building details",
      "height": 10
    },
    "5803d821-3fd3-4246-b00e-790f9967636b": {
      "area": 163.82705688476562,
      "floors": 3,
      "details": "building details",
      "height": 10
    },
    "1bd7aaf1-c038-4a02-a7ed-144a0a1f6913": {
      "area": 163.83799743652344,
      "floors": 3,
      "details": "building details",
      "height": 10
    },
    "af2b2813-61ab-4e0d-9887-27a646235dc6": {
      "area": 163.83731079101562,
      "floors": 3,
      "details": "building details",
      "height": 10
    },
    "2afecde5-32f1-47f8-a51d-007cbd7a2170": {
      "area": 165.4445037841797,
      "floors": 3,
      "details": "building details",
      "height": 10
    },
    "c2b0a0cf-ebd8-418f-a87f-634b664799e7": {
      "area": 153.12608337402344,
      "floors": 3,
      "details": "building details",
      "height": 13
    },
    "d36dcef7-27da-4bab-abde-8d0ce6ef67aa": {
      "area": 163.85777282714844,
      "floors": 3,
      "details": "building details",
      "height": 10
    },
    "c77ad528-1fc0-4613-b98d-51bb780a5b61": {
      "area": 149.77142333984375,
      "floors": 3,
      "details": "building details",
      "height": 10
    },
    "29f7e7c3-83e7-4640-bcd6-498384f54a36": {
      "area": 143.67193603515625,
      "floors": 3,
      "details": "building details",
      "height": 13
    },
    "53e69738-4617-4024-96c3-5fc5a06cd859": {
      "area": 163.85276794433594,
      "floors": 3,
      "details": "building details",
      "height": 10
    },
    "8d68978e-1010-490c-bdd5-9cb805c3cc0c": {
      "area": 141.2041015625,
      "floors": 3,
      "details": "building details",
      "height": 13
    },
    "b61e3cab-1101-4271-8927-da921656e1d3": {
      "area": 163.8530731201172,
      "floors": 3,
      "details": "building details",
      "height": 10
    },
    "6de5fbbf-4b38-40b4-9f27-d08e667d6c8a": {
      "area": 153.12498474121094,
      "floors": 3,
      "details": "building details",
      "height": 13
    },
    "1509dd09-2182-4e70-96c9-fcd8e88377a4": {
      "area": 141.93719482421875,
      "floors": 3,
      "details": "building details",
      "height": 10
    },
    "115a35ad-0f9b-45fe-83cb-14ccde476c42": {
      "area": 140.41586303710938,
      "floors": 3,
      "details": "building details",
      "height": 13
    },
    "575237d0-d55b-44e2-bf5e-fb844c02dd9e": {
      "area": 141.79673767089844,
      "floors": 3,
      "details": "building details",
      "height": 10
    },
    "5fc8d574-7897-4e6a-9e5b-2c725e1738f4": {
      "area": 141.17001342773438,
      "floors": 3,
      "details": "building details",
      "height": 10
    },
    "4d5c7bef-dda5-4205-ba24-b8ab38c878c2": {
      "area": 153.12530517578125,
      "floors": 3,
      "details": "building details",
      "height": 13
    },
    "79b6627f-fd71-413c-bd6e-175542daaeac": {
      "area": 163.83807373046875,
      "floors": 3,
      "details": "building details",
      "height": 10
    },
    "fc199330-47e9-47e3-b582-572144e838d3": {
      "area": 163.8380889892578,
      "floors": 3,
      "details": "building details",
      "height": 10
    },
    "8f5c7757-567a-473e-8e75-02aab68e1c51": {
      "area": 163.85342407226562,
      "floors": 3,
      "details": "building details",
      "height": 10
    },
    "ff84cd22-e0d3-40c0-865e-01e0dc93a20b": {
      "area": 141.79673767089844,
      "floors": 3,
      "details": "building details",
      "height": 10
    },
    "98514c69-0a10-4be1-8deb-0c70cd97ea3f": {
      "area": 163.8260498046875,
      "floors": 3,
      "details": "building details",
      "height": 10
    },
    "d3c3146e-af08-4769-99db-256873011860": {
      "area": 141.1589813232422,
      "floors": 3,
      "details": "building details",
      "height": 10
    },
    "907a3159-4158-4509-9a0a-07ed1aae73e3": {
      "area": 144.5692596435547,
      "floors": 3,
      "details": "building details",
      "height": 13
    },
    "e20af14b-3ddb-42bd-8034-3b538b0938c0": {
      "area": 165.45516967773438,
      "floors": 3,
      "details": "building details",
      "height": 10
    },
    "edaf603d-b220-4772-8341-27e7c695f366": {
      "area": 152.92916870117188,
      "floors": 3,
      "details": "building details",
      "height": 10
    },
    "ed19a4de-05e4-4398-8370-f7827c64baa6": {
      "area": 163.83729553222656,
      "floors": 3,
      "details": "building details",
      "height": 10
    },
    "69c84876-d24d-4729-9ed8-f9ac1a9fa93c": {
      "area": 142.5328369140625,
      "floors": 3,
      "details": "building details",
      "height": 10
    },
    "2f529255-89eb-4f9d-aeea-e6a05d07e390": {
      "area": 141.1699676513672,
      "floors": 3,
      "details": "building details",
      "height": 10
    },
    "4fe6d02c-670e-439e-bcde-cc0ec651e3bc": {
      "area": 163.84695434570312,
      "floors": 3,
      "details": "building details",
      "height": 10
    },
    "9e808adf-c951-437a-a037-dc7b10d2de5f": {
      "area": 139.50405883789062,
      "floors": 3,
      "details": "building details",
      "height": 13
    },
    "d793b0b2-3dee-43a0-b957-2e79dcbcb611": {
      "area": 163.8385772705078,
      "floors": 3,
      "details": "building details",
      "height": 10
    },
    "58403ca4-6f04-4e21-a35d-e9e0714c4fae": {
      "area": 142.5330047607422,
      "floors": 3,
      "details": "building details",
      "height": 10
    },
    "b4f76ed1-afb1-4103-a413-8831b484e3fe": {
      "area": 163.82652282714844,
      "floors": 3,
      "details": "building details",
      "height": 10
    },
    "862b308e-2cdd-45f6-8daa-9547b0f86924": {
      "area": 141.2034454345703,
      "floors": 3,
      "details": "building details",
      "height": 13
    },
    "c768369c-3a47-4091-9c0c-c00c004dbc14": {
      "area": 141.17001342773438,
      "floors": 3,
      "details": "building details",
      "height": 10
    },
    "a0701cdf-8fd1-4811-a721-9a2aab3c2912": {
      "area": 141.20401000976562,
      "floors": 3,
      "details": "building details",
      "height": 13
    },
    "e55f0a10-a3cb-4336-9077-28ccfbb221cd": {
      "area": 512.4098510742188,
      "floors": 3,
      "details": "building details",
      "height": 27
    },
    "c9e06033-e1f1-4f2c-9a47-2a237e12905c": {
      "area": 141.66278076171875,
      "floors": 3,
      "details": "building details",
      "height": 13
    },
    "21181757-423f-475d-9aa5-1c681718e7ea": {
      "area": 163.83782958984375,
      "floors": 3,
      "details": "building details",
      "height": 10
    },
    "6f22e837-f48a-4fd8-b3dc-e280c0278ddc": {
      "area": 142.5330810546875,
      "floors": 3,
      "details": "building details",
      "height": 10
    },
    "9ba013af-9d9e-40de-bd1c-02646c138620": {
      "area": 163.85182189941406,
      "floors": 3,
      "details": "building details",
      "height": 10
    },
    "1cff77b5-975b-4d4f-b054-0a60485c6241": {
      "area": 163.85189819335938,
      "floors": 3,
      "details": "building details",
      "height": 10
    },
    "7d3ca366-fcfc-464d-acc0-d411a0781b7d": {
      "area": 137.94000244140625,
      "floors": 3,
      "details": "building details",
      "height": 13
    },
    "72e62d1a-8613-49ac-a00d-946114a985aa": {
      "area": 141.19024658203125,
      "floors": 3,
      "details": "building details",
      "height": 13
    },
    "838c38bc-0542-4bcd-b48a-ea4c3f20b3ee": {
      "area": 140.93167114257812,
      "floors": 3,
      "details": "building details",
      "height": 13
    },
    "d4b9682b-e2bb-4fec-805a-62dc1d637034": {
      "area": 149.78250122070312,
      "floors": 3,
      "details": "building details",
      "height": 10
    },
    "390e69e6-0102-44e3-b7d1-6bbd148e1b60": {
      "area": 151.92898559570312,
      "floors": 3,
      "details": "building details",
      "height": 13
    },
    "168c1f67-24a8-42c1-839b-946b6d5724f6": {
      "area": 143.67147827148438,
      "floors": 3,
      "details": "building details",
      "height": 13
    },
    "698a5d18-4dbe-41b5-b90d-74d107ced5cd": {
      "area": 141.17031860351562,
      "floors": 3,
      "details": "building details",
      "height": 10
    },
    "c456be8d-f597-481b-aff6-df7ebec1560a": {
      "area": 139.87069702148438,
      "floors": 3,
      "details": "building details",
      "height": 13
    },
    "2c046c42-c9d6-4b7d-a363-83a5f3241761": {
      "area": 141.17001342773438,
      "floors": 3,
      "details": "building details",
      "height": 10
    },
    "826c5fcf-d0cb-4e73-9d2e-a0772541cd8f": {
      "area": 141.93701171875,
      "floors": 3,
      "details": "building details",
      "height": 10
    },
    "cbbf8349-8699-4a7c-86ca-b1af3987263e": {
      "area": 163.83773803710938,
      "floors": 3,
      "details": "building details",
      "height": 10
    },
    "e54eb2f6-b4e3-4e75-bb66-355ba98253a0": {
      "area": 163.85182189941406,
      "floors": 3,
      "details": "building details",
      "height": 10
    },
    "265be785-839c-49db-8aa1-487cd6b89a28": {
      "area": 163.85276794433594,
      "floors": 3,
      "details": "building details",
      "height": 10
    },
    "370a2e37-3ab8-4a6f-a59f-5b08ca36a59d": {
      "area": 163.8530731201172,
      "floors": 3,
      "details": "building details",
      "height": 10
    },
    "1d875cce-71c6-4f22-925d-8d5178135c75": {
      "area": 141.26905822753906,
      "floors": 3,
      "details": "building details",
      "height": 10
    },
    "eb48423f-867b-4ef4-bd92-e2908008f4e7": {
      "area": 141.26904296875,
      "floors": 3,
      "details": "building details",
      "height": 10
    },
    "8d00bb55-c863-4241-aacb-52fb27fec4b9": {
      "area": 153.1259765625,
      "floors": 3,
      "details": "building details",
      "height": 13
    },
    "efee6537-c628-4b1d-a15e-b741354c64dd": {
      "area": 141.877685546875,
      "floors": 3,
      "details": "building details",
      "height": 13
    },
    "cd08fca3-774c-4e4c-b184-96b996a32f0d": {
      "area": 153.11471557617188,
      "floors": 3,
      "details": "building details",
      "height": 13
    },
    "b879732d-c803-40e4-a889-eb2c066e72c2": {
      "area": 159.22525024414062,
      "floors": 3,
      "details": "building details",
      "height": 13
    },
    "2adc7062-3a63-4785-92d2-7725ea35cfc1": {
      "area": 142.96871948242188,
      "floors": 3,
      "details": "building details",
      "height": 13
    },
    "dabfbc84-1591-4947-a222-f3bda5f70d86": {
      "area": 141.26904296875,
      "floors": 3,
      "details": "building details",
      "height": 10
    },
    "61209a99-25a0-434e-ba95-3f79f34a7e55": {
      "area": 163.8414306640625,
      "floors": 3,
      "details": "building details",
      "height": 10
    },
    "26a7a256-ce1a-416b-af6d-703c0e14d962": {
      "area": 163.8367919921875,
      "floors": 3,
      "details": "building details",
      "height": 10
    },
    "bb308dbe-5832-4384-bd0e-11e5c27183f7": {
      "area": 142.08456420898438,
      "floors": 3,
      "details": "building details",
      "height": 13
    },
    "1ab512c5-f21b-40b1-aabf-248cc8c88d88": {
      "area": 141.93701171875,
      "floors": 3,
      "details": "building details",
      "height": 10
    },
    "6bf1b5df-9116-4903-a351-a9281f395d16": {
      "area": 141.17001342773438,
      "floors": 3,
      "details": "building details",
      "height": 10
    },
    "963f1904-3a6b-4b4b-bd70-5b2475d6be6d": {
      "area": 163.83786010742188,
      "floors": 3,
      "details": "building details",
      "height": 10
    },
    "d63ff934-b078-4c36-9c31-d358f8ac944f": {
      "area": 141.13180541992188,
      "floors": 3,
      "details": "building details",
      "height": 13
    },
    "1e22b5b3-7e2d-41e6-b31f-ac9e3a3435f4": {
      "area": 163.83853149414062,
      "floors": 3,
      "details": "building details",
      "height": 10
    },
    "a2d5f867-86e4-40a8-9828-08ad499b8f33": {
      "area": 165.44439697265625,
      "floors": 3,
      "details": "building details",
      "height": 10
    },
    "a172fe61-d10f-4a92-bd33-c9391780b4b6": {
      "area": 163.83572387695312,
      "floors": 3,
      "details": "building details",
      "height": 10
    },
    "91017e0e-3c47-4834-9189-0a74c0fa6e01": {
      "area": 141.17015075683594,
      "floors": 3,
      "details": "building details",
      "height": 10
    },
    "aa5950cd-811d-4086-8152-21011f8dd641": {
      "area": 163.83853149414062,
      "floors": 3,
      "details": "building details",
      "height": 10
    },
    "e936d659-7aa6-4adf-93b9-bde8e55e007b": {
      "area": 141.15895080566406,
      "floors": 3,
      "details": "building details",
      "height": 10
    },
    "35134986-6819-4059-811b-4af59dcebe30": {
      "area": 197.99090576171875,
      "floors": 3,
      "details": "building details",
      "height": 3.5
    },
    "e993ddd1-eb68-4cc2-b960-7c2336673cd5": {
      "area": 153.126220703125,
      "floors": 3,
      "details": "building details",
      "height": 13
    },
    "dffeb8e0-7681-4bf1-af87-77fff72d37b8": {
      "area": 165.45547485351562,
      "floors": 3,
      "details": "building details",
      "height": 10
    },
    "cab53a47-3a8e-446e-829d-6db3dd1b3dd9": {
      "area": 141.17001342773438,
      "floors": 3,
      "details": "building details",
      "height": 10
    },
    "925bf9bc-ad7a-4d07-b3e6-40a3c1c7fc23": {
      "area": 163.83737182617188,
      "floors": 3,
      "details": "building details",
      "height": 10
    },
    "38389c91-8086-451d-88d4-8bbef217812c": {
      "area": 149.77142333984375,
      "floors": 3,
      "details": "building details",
      "height": 10
    },
    "e05e5e9f-68bd-48ab-8ef0-23720951aca6": {
      "area": 289.91314697265625,
      "floors": 3,
      "details": "building details",
      "height": 18
    },
    "05d61e8b-b250-4726-bece-54db4ae33c5e": {
      "area": 142.5434112548828,
      "floors": 3,
      "details": "building details",
      "height": 10
    },
    "a0f9c95e-5319-42ac-a2f3-0eb4707df852": {
      "area": 163.83853149414062,
      "floors": 3,
      "details": "building details",
      "height": 10
    },
    "7969562a-eb60-4355-85fd-2971dafd39b2": {
      "area": 142.53292846679688,
      "floors": 3,
      "details": "building details",
      "height": 10
    },
    "57bfcfeb-8e0e-4721-b5c3-c2186311f52d": {
      "area": 163.84173583984375,
      "floors": 3,
      "details": "building details",
      "height": 10
    },
    "c73b7d07-c510-460c-b7a6-7d58986b2a80": {
      "area": 153.126220703125,
      "floors": 3,
      "details": "building details",
      "height": 13
    },
    "34544468-16e8-4703-8f92-a09cee735403": {
      "area": 163.82577514648438,
      "floors": 3,
      "details": "building details",
      "height": 10
    },
    "7cb5573b-3226-4410-891d-41ebd147dd90": {
      "area": 163.83740234375,
      "floors": 3,
      "details": "building details",
      "height": 10
    },
    "54d0121e-6065-46aa-b359-19a01c3b1386": {
      "area": 141.17001342773438,
      "floors": 3,
      "details": "building details",
      "height": 10
    },
    "e5312548-59dd-4d96-a831-d942ae02da3c": {
      "area": 141.1699981689453,
      "floors": 3,
      "details": "building details",
      "height": 10
    },
    "65b777eb-7bd2-444d-b8bf-e1ddd9b52fa7": {
      "area": 163.83786010742188,
      "floors": 3,
      "details": "building details",
      "height": 10
    },
    "fdf39b40-80db-4f76-9bde-4af7a44f71f4": {
      "area": 159.2250518798828,
      "floors": 3,
      "details": "building details",
      "height": 13
    },
    "f46c6ebc-16ba-454a-8b24-e5469c00e67d": {
      "area": 141.16998291015625,
      "floors": 3,
      "details": "building details",
      "height": 10
    },
    "657f2d1a-6f51-494e-b145-d54abeeb1f92": {
      "area": 163.83810424804688,
      "floors": 3,
      "details": "building details",
      "height": 10
    },
    "9cc4458f-c383-4959-be34-2bfe99b50999": {
      "area": 461.08966064453125,
      "floors": 3,
      "details": "building details",
      "height": 10
    },
    "ef7c8142-6d67-4c6b-a2d2-b561128b139c": {
      "area": 512.413818359375,
      "floors": 3,
      "details": "building details",
      "height": 27
    },
    "2de9e028-18d1-4315-83b3-2636f481eb84": {
      "area": 141.94793701171875,
      "floors": 3,
      "details": "building details",
      "height": 10
    },
    "d8106a40-2112-4a97-95a6-66b599c9bf22": {
      "area": 139.63137817382812,
      "floors": 3,
      "details": "building details",
      "height": 13
    },
    "8e9a6c0d-c024-4717-acb2-3429847a238b": {
      "area": 163.82736206054688,
      "floors": 3,
      "details": "building details",
      "height": 10
    },
    "4663af2c-f37a-4bf4-befd-83d877b6ee8e": {
      "area": 141.19046020507812,
      "floors": 3,
      "details": "building details",
      "height": 13
    },
    "37114045-148b-4f43-a138-f97679205b97": {
      "area": 153.11468505859375,
      "floors": 3,
      "details": "building details",
      "height": 13
    },
    "9efd19e7-651d-4878-b3f7-2a8cb7184892": {
      "area": 141.26931762695312,
      "floors": 3,
      "details": "building details",
      "height": 10
    },
    "6e56efd6-681a-4ee2-be3d-002d50d0103f": {
      "area": 163.85189819335938,
      "floors": 3,
      "details": "building details",
      "height": 10
    },
    "655e6b75-cf4d-4962-bb3c-eaed961eb5fe": {
      "area": 512.422607421875,
      "floors": 3,
      "details": "building details",
      "height": 27
    },
    "e3a92f2f-759b-49f4-a55f-1af2efb033e1": {
      "area": 139.18014526367188,
      "floors": 3,
      "details": "building details",
      "height": 13
    },
    "151299e4-adef-45d2-bb1b-bf883060de9e": {
      "area": 153.1260223388672,
      "floors": 3,
      "details": "building details",
      "height": 13
    },
    "0a5cda64-722b-4965-9124-a19c2844f97f": {
      "area": 135.4287109375,
      "floors": 3,
      "details": "building details",
      "height": 13
    },
    "8ec2ba50-60d5-40a9-9072-7e8ad0a0f457": {
      "area": 152.92916870117188,
      "floors": 3,
      "details": "building details",
      "height": 10
    },
    "9a5995cd-9fbc-445e-8bbd-7bccd5610386": {
      "area": 163.8367919921875,
      "floors": 3,
      "details": "building details",
      "height": 10
    },
    "c2898359-073c-4d06-8c9d-fe2828d12fd2": {
      "area": 289.9234619140625,
      "floors": 3,
      "details": "building details",
      "height": 18
    },
    "57ae863a-4b7e-49da-b4eb-7b9a7f55b6a9": {
      "area": 141.26904296875,
      "floors": 3,
      "details": "building details",
      "height": 10
    },
    "33897561-b5d7-418c-b24c-8368c07907e0": {
      "area": 165.45497131347656,
      "floors": 3,
      "details": "building details",
      "height": 10
    },
    "6f3e1626-6130-4eb6-a0cc-28acd3556ad6": {
      "area": 141.83392333984375,
      "floors": 3,
      "details": "building details",
      "height": 13
    },
    "6b119b28-50cb-4761-b664-2d303e45bffd": {
      "area": 163.8383331298828,
      "floors": 3,
      "details": "building details",
      "height": 10
    },
    "2869b5fe-ef5c-49b2-8af3-b918430b1273": {
      "area": 163.83786010742188,
      "floors": 3,
      "details": "building details",
      "height": 10
    },
    "a8939fb1-5323-437d-8bd9-e4aa626c4e18": {
      "area": 388.68267822265625,
      "floors": 3,
      "details": "building details",
      "height": 3.5
    },
    "2c299514-1a9c-4767-bbd4-a96faf274d77": {
      "area": 163.8384246826172,
      "floors": 3,
      "details": "building details",
      "height": 10
    },
    "79e53495-7812-4b95-b7b5-a5ccaf3d08da": {
      "area": 163.82736206054688,
      "floors": 3,
      "details": "building details",
      "height": 10
    },
    "9181121e-eacf-4bb3-84ad-9cc420a2495c": {
      "area": 165.4441680908203,
      "floors": 3,
      "details": "building details",
      "height": 10
    },
    "bbc9e06e-570b-42d1-8d8e-684611f97e6d": {
      "area": 141.78549194335938,
      "floors": 3,
      "details": "building details",
      "height": 10
    },
    "7a73dc5f-87a5-462d-830b-c0ff20f09c32": {
      "area": 141.19033813476562,
      "floors": 3,
      "details": "building details",
      "height": 13
    },
    "1ed5c9fc-eaa4-4184-a3bb-709e51712a3e": {
      "area": 165.44439697265625,
      "floors": 3,
      "details": "building details",
      "height": 10
    },
    "8d49b26b-d1ff-4382-987d-c1e05693bc14": {
      "area": 137.420654296875,
      "floors": 3,
      "details": "building details",
      "height": 13
    },
    "920b5631-d5c8-4244-b513-eada1ccc0d77": {
      "area": 163.84182739257812,
      "floors": 3,
      "details": "building details",
      "height": 10
    }
  },
  "ModelInformation": {
    "date": "2018/11/26 15:56:44",
    "name": "This Versions's name",
    "description": "This Versions's description",
    "location": "This Versions's location"
  },
  "GraphData": [
    {"piechart": [
      {
        "label": "A",
        "value": ".02"
      },
      {
        "label": "B",
        "value": ".05"
      },
      {
        "label": "C",
        "value": ".13"
      }
    ]},
    {"barchart": [
      {
        "label": "A",
        "value": ".02"
      },
      {
        "label": "B",
        "value": ".05"
      },
      {
        "label": "C",
        "value": ".13"
      }
    ]}
  ]
}