{
  "ModelInformation" : {
    "name" : "Buildings",
    "date" : "November 2018",
    "Location" : "Munich Schwabing",
    "Description" : "This Model is for presentation"
  },
  "GraphData" : [
    {
      "label": "Area",
      "piechart" : [
        {
          "label": "A",
          "value": ".02167"
        },
        {
          "label": "B",
          "value": ".04932"
        },
        {
          "label": "C",
          "value": ".07982"
        },
        {
          "label": "D",
          "value": ".02534"
        },
        {
          "label": "E",
          "value": ".15702"
        }
      ]
    },
    {
      "label" : "Population",
      "barchart" : [
        {
          "label": "A",
          "value": ".01867"
        },
        {
          "label": "B",
          "value": ".04192"
        },
        {
          "label": "C",
          "value": ".07282"
        },
        {
          "label": "D",
          "value": ".02453"
        },
        {
          "label": "E",
          "value": ".17202"
        }
      ]
    },
    {
      "label": "Percentage",
      "tag": "59.7%"
    }
  ],
  "ModelDetails" : {
    "Cube.001_Cube.005": {
      "details": "building 1",
      "len": 68,
      "width": 40,
      "height": 42,
      "area": 114240
    },
    "Cube.004": {
      "details": "building 2",
      "len": 52,
      "width": 80,
      "height": 82,
      "area": 341120
    },
    "Cube.003": {
      "details": "building 3",
      "len": 34,
      "width": 92,
      "height": 1,
      "area": 3128
    },
    "Cube.002": {
      "details": "building 4",
      "len": 9,
      "width": 76,
      "height": 95,
      "area": 64980
    },
    "Cube": {
      "details": "building 5",
      "len": 46,
      "width": 42,
      "height": 74,
      "area": 142968
    },
    "Cube.008": {
      "details": "building 1",
      "len": 11,
      "width": 73,
      "height": 48,
      "area": 38544
    },
    "Cube.007": {
      "details": "building 2",
      "len": 90,
      "width": 39,
      "height": 31,
      "area": 108810
    },
    "Cube.006": {
      "details": "building 3",
      "len": 10,
      "width": 21,
      "height": 72,
      "area": 15120
    },
    "Cube.005_Cube.001": {
      "details": "building 4",
      "len": 14,
      "width": 9,
      "height": 91,
      "area": 11466
    }
  }
}